{"cameraMode":{"drawMode":0,"name":"Shaded","section":"Shading Mode"},"sceneLighting":true,"audioPlay":false,"sceneViewState":{"m_AlwaysRefresh":false,"showFog":true,"showSkybox":true,"showFlares":true,"showImageEffects":true,"showParticleSystems":true,"showVisualEffectGraphs":true,"m_FxEnabled":true},"in2DMode":false,"pivot":{"x":-27.590070724487306,"y":-3.7962918281555177,"z":3.9838485717773439},"rotation":{"x":-0.06329705566167832,"y":-0.40624889731407168,"z":0.028111502528190614,"w":-0.9112153053283691},"size":22.647605895996095,"orthographic":false}