{"cameraMode":{"drawMode":0,"name":"Shaded","section":"Shading Mode"},"sceneLighting":true,"audioPlay":false,"sceneViewState":{"m_AlwaysRefresh":false,"showFog":true,"showSkybox":true,"showFlares":true,"showImageEffects":true,"showParticleSystems":true,"showVisualEffectGraphs":true,"m_FxEnabled":true},"in2DMode":false,"pivot":{"x":30.474849700927736,"y":13.251776695251465,"z":-12.761675834655762},"rotation":{"x":-0.12003998458385468,"y":0.6609054803848267,"z":-0.10819469392299652,"w":-0.7329029440879822},"size":20.066022872924806,"orthographic":false}