{"cameraMode":{"drawMode":0,"name":"Shaded","section":"Shading Mode"},"sceneLighting":true,"audioPlay":false,"sceneViewState":{"m_AlwaysRefresh":false,"showFog":true,"showSkybox":true,"showFlares":true,"showImageEffects":true,"showParticleSystems":true,"showVisualEffectGraphs":true,"m_FxEnabled":true},"in2DMode":false,"pivot":{"x":12.73440170288086,"y":6.4673943519592289,"z":-10.075777053833008},"rotation":{"x":0.02142971381545067,"y":0.5375611782073975,"z":0.013252845965325833,"w":-0.8429980874061585},"size":4.264805793762207,"orthographic":false}