{"cameraMode":{"drawMode":0,"name":"Shaded","section":"Shading Mode"},"sceneLighting":true,"audioPlay":false,"sceneViewState":{"m_AlwaysRefresh":false,"showFog":true,"showSkybox":true,"showFlares":true,"showImageEffects":true,"showParticleSystems":true,"showVisualEffectGraphs":true,"m_FxEnabled":true},"in2DMode":false,"pivot":{"x":544.4605102539063,"y":302.46380615234377,"z":-36.32741928100586},"rotation":{"x":0.23012180626392365,"y":-0.31803444027900698,"z":0.08070679754018784,"w":0.9163606762886047},"size":429.7867736816406,"orthographic":false}