{"cameraMode":{"drawMode":0,"name":"Shaded","section":"Shading Mode"},"sceneLighting":true,"audioPlay":false,"sceneViewState":{"m_AlwaysRefresh":false,"showFog":true,"showSkybox":true,"showFlares":true,"showImageEffects":true,"showParticleSystems":true,"showVisualEffectGraphs":true,"m_FxEnabled":true},"in2DMode":false,"pivot":{"x":0.13134123384952546,"y":2.2484192848205568,"z":1.5479776859283448},"rotation":{"x":0.08683113008737564,"y":-0.6988754868507385,"z":0.08713915199041367,"w":0.7048243880271912},"size":0.6546112895011902,"orthographic":false}