{"cameraMode":{"drawMode":0,"name":"Shaded","section":"Shading Mode"},"sceneLighting":true,"audioPlay":false,"sceneViewState":{"m_AlwaysRefresh":false,"showFog":true,"showSkybox":true,"showFlares":true,"showImageEffects":true,"showParticleSystems":true,"showVisualEffectGraphs":true,"m_FxEnabled":true},"in2DMode":false,"pivot":{"x":-22.645917892456056,"y":12.389495849609375,"z":-5.610421657562256},"rotation":{"x":-0.007228156551718712,"y":-0.6383885145187378,"z":0.005867843981832266,"w":-0.7697544097900391},"size":6.384228229522705,"orthographic":false}