{"cameraMode":{"drawMode":0,"name":"Shaded","section":"Shading Mode"},"sceneLighting":true,"audioPlay":false,"sceneViewState":{"m_AlwaysRefresh":false,"showFog":true,"showSkybox":true,"showFlares":true,"showImageEffects":true,"showParticleSystems":true,"showVisualEffectGraphs":true,"m_FxEnabled":true},"in2DMode":false,"pivot":{"x":-0.8807458877563477,"y":2.111999988555908,"z":1.9894466400146485},"rotation":{"x":0.08668209612369538,"y":-0.5734989643096924,"z":0.062085799872875217,"w":0.8124455213546753},"size":12.830605506896973,"orthographic":false}